model	stage_index	stage	elements	max_abs	rms_abs	relative_l2	delta_relative_l2	exact
qwen2.5-0.5b	0	inference.blocks.0	7168	0.075100064277648926	0.010271988804834748	0.044199264163053524	0.044199264163053524	false
qwen2.5-0.5b	1	inference.blocks.1	7168	0.10330104827880859	0.015428550195166446	0.049721725064467752	0.0055224609014142279	false
qwen2.5-0.5b	2	inference.blocks.2	7168	1.2549552917480469	0.05153280174876014	0.0053757581151005025	-0.044345966949367252	false
qwen2.5-0.5b	3	inference.blocks.3	7168	8.93994140625	0.12609557887002878	0.0062454684997485443	0.00086971038464804182	false
qwen2.5-0.5b	4	inference.blocks.4	7168	8.9144287109375	0.12778625704407662	0.0063219480340426151	7.6479534294070749e-05	false
qwen2.5-0.5b	5	inference.blocks.5	7168	12.1103515625	0.15933289493431466	0.0077580540542379348	0.0014361060201953197	false
qwen2.5-0.5b	6	inference.blocks.6	7168	12.113525390625	0.15916398219149447	0.0077466965304096051	-1.1357523828329705e-05	false
qwen2.5-0.5b	7	inference.blocks.7	7168	12.1646728515625	0.15932801897434395	0.0077523202408065726	5.6237103969675531e-06	false
qwen2.5-0.5b	8	inference.blocks.8	7168	12.176513671875	0.16004596122422604	0.0077843166970463394	3.1996456239766734e-05	false
qwen2.5-0.5b	9	inference.blocks.9	7168	12.193115234375	0.16168529278737301	0.0078608918167124321	7.6575119666092741e-05	false
qwen2.5-0.5b	10	inference.blocks.10	7168	12.128662109375	0.1608918985908028	0.0078165862720666907	-4.4305544645741393e-05	false
qwen2.5-0.5b	11	inference.blocks.11	7168	12.1395263671875	0.16095489487390169	0.0078150211494665434	-1.5651226001472951e-06	false
qwen2.5-0.5b	12	inference.blocks.12	7168	12.106689453125	0.16045370156753361	0.0077854943182221791	-2.9526831244364345e-05	false
qwen2.5-0.5b	13	inference.blocks.13	7168	12.0831298828125	0.16184378976331162	0.0078503925200280097	6.4898201805830592e-05	false
qwen2.5-0.5b	14	inference.blocks.14	7168	12.0733642578125	0.16423230528351496	0.0079600512786759479	0.0001096587586479382	false
qwen2.5-0.5b	15	inference.blocks.15	7168	12.1151123046875	0.16650218527239802	0.0080607362046353614	0.0001006849259594135	false
qwen2.5-0.5b	16	inference.blocks.16	7168	12.124755859375	0.17042259379605798	0.0082465980114826698	0.00018586180684730842	false
qwen2.5-0.5b	17	inference.blocks.17	7168	12.1033935546875	0.17214368114314121	0.0083266443635167751	8.0046352034105275e-05	false
qwen2.5-0.5b	18	inference.blocks.18	7168	12.1141357421875	0.17605763008539591	0.0085172019254321964	0.00019055756191542136	false
qwen2.5-0.5b	19	inference.blocks.19	7168	12.112548828125	0.18200001493775703	0.0088107568753163102	0.00029355494988411376	false
qwen2.5-0.5b	20	inference.blocks.20	7168	12.2447509765625	0.19227904733336479	0.0093186849770643017	0.00050792810174799148	false
qwen2.5-0.5b	21	inference.blocks.21	7168	40.6190185546875	0.50708241072713234	0.2120999529327805	0.20278126795571619	false
qwen2.5-0.5b	22	inference.blocks.22	7168	20.947963714599609	0.35230524141398262	0.14024919068640268	-0.071850762246377819	false
qwen2.5-0.5b	23	inference.blocks.23	7168	18.998988151550293	0.5955277884084762	0.19898622267299262	0.058737031986589944	false
qwen2.5-0.5b	24	inference.final_norm	7168	55.753211975097656	1.4779950724834345	0.16463482288286868	-0.034351399790123943	false
qwen2.5-0.5b	25	inference.logits	151936	0.99947009980678558	0.19245532295273582	0.074528421412595885	-0.090106401470272796	false
deepseek-r1-distill-qwen-1.5b	0	inference.blocks.0	12288	0.92675018310546875	0.076554607545465683	0.068692413681243097	0.068692413681243097	false
deepseek-r1-distill-qwen-1.5b	1	inference.blocks.1	12288	27.11279296875	0.51339357094022786	0.02362226422991082	-0.045070149451332281	false
deepseek-r1-distill-qwen-1.5b	2	inference.blocks.2	12288	189.918701171875	2.4312142601661568	0.025290058784907539	0.0016677945549967189	false
deepseek-r1-distill-qwen-1.5b	3	inference.blocks.3	12288	190.276611328125	2.436607450158951	0.025314149344713852	2.4090559806313333e-05	false
deepseek-r1-distill-qwen-1.5b	4	inference.blocks.4	12288	192.04052734375	2.4503251590953834	0.025132511514101501	-0.00018163783061235159	false
deepseek-r1-distill-qwen-1.5b	5	inference.blocks.5	12288	192.231689453125	2.4513482454815683	0.025148904248866729	1.6392734765228317e-05	false
deepseek-r1-distill-qwen-1.5b	6	inference.blocks.6	12288	191.62353515625	2.4475781415305162	0.025052590565578688	-9.631368328804138e-05	false
deepseek-r1-distill-qwen-1.5b	7	inference.blocks.7	12288	191.114013671875	2.4432847701756959	0.024946639606209509	-0.00010595095936917834	false
deepseek-r1-distill-qwen-1.5b	8	inference.blocks.8	12288	190.657470703125	2.439979200224053	0.024816444086655821	-0.00013019551955368788	false
deepseek-r1-distill-qwen-1.5b	9	inference.blocks.9	12288	190.599853515625	2.4395631808128662	0.024757361033316584	-5.9083053339237246e-05	false
deepseek-r1-distill-qwen-1.5b	10	inference.blocks.10	12288	190.85205078125	2.4419653720824113	0.024720359105765945	-3.7001927550638775e-05	false
deepseek-r1-distill-qwen-1.5b	11	inference.blocks.11	12288	190.806884765625	2.4409339275486865	0.024662353476163811	-5.8005629602134179e-05	false
deepseek-r1-distill-qwen-1.5b	12	inference.blocks.12	12288	190.399658203125	2.4366294558793302	0.024578825387254283	-8.3528088909528425e-05	false
deepseek-r1-distill-qwen-1.5b	13	inference.blocks.13	12288	190.73583984375	2.4399223179317362	0.024565987469476518	-1.2837917777765162e-05	false
deepseek-r1-distill-qwen-1.5b	14	inference.blocks.14	12288	190.832275390625	2.4409197563456622	0.024555288397542827	-1.0699071933691073e-05	false
deepseek-r1-distill-qwen-1.5b	15	inference.blocks.15	12288	190.600341796875	2.4395054238492304	0.02453759354825704	-1.7694849285786185e-05	false
deepseek-r1-distill-qwen-1.5b	16	inference.blocks.16	12288	190.633544921875	2.4399297439154659	0.024560502320563771	2.2908772306731023e-05	false
deepseek-r1-distill-qwen-1.5b	17	inference.blocks.17	12288	190.677734375	2.4409086869261252	0.024579838846613453	1.9336526049681252e-05	false
deepseek-r1-distill-qwen-1.5b	18	inference.blocks.18	12288	190.57080078125	2.4404605844385534	0.024577597539945609	-2.2413066678439453e-06	false
deepseek-r1-distill-qwen-1.5b	19	inference.blocks.19	12288	190.328369140625	2.4398527860304604	0.024552467483763569	-2.5130056182039867e-05	false
deepseek-r1-distill-qwen-1.5b	20	inference.blocks.20	12288	190.582763671875	2.4446969048239819	0.024628933870488968	7.646638672539896e-05	false
deepseek-r1-distill-qwen-1.5b	21	inference.blocks.21	12288	191.14892578125	2.4561903622329826	0.024742905115144379	0.00011397124465541142	false
deepseek-r1-distill-qwen-1.5b	22	inference.blocks.22	12288	191.40771484375	2.4651687719314457	0.024905441933369736	0.00016253681822535684	false
deepseek-r1-distill-qwen-1.5b	23	inference.blocks.23	12288	191.14501953125	2.4682174306055966	0.025066235521552672	0.00016079358818293574	false
deepseek-r1-distill-qwen-1.5b	24	inference.blocks.24	12288	190.259765625	2.4672853551851111	0.025324880563227559	0.00025864504167488755	false
deepseek-r1-distill-qwen-1.5b	25	inference.blocks.25	12288	189.54052734375	2.4654828217729063	0.026475515233397924	0.0011506346701703647	false
deepseek-r1-distill-qwen-1.5b	26	inference.blocks.26	12288	170.487060546875	2.358823050115376	0.03860154777112422	0.012126032537726296	false
deepseek-r1-distill-qwen-1.5b	27	inference.blocks.27	12288	195.063232421875	3.2396944530484948	0.11499582346626135	0.076394275695137126	false
deepseek-r1-distill-qwen-1.5b	28	inference.final_norm	12288	3.4176175594329834	0.15545711320564581	0.05664322677614949	-0.058352596690111856	false
deepseek-r1-distill-qwen-1.5b	29	inference.logits	151936	1.2432370185852051	0.43789038513215195	0.24125438285790074	0.18461115608175124	false
