Name,Calls,TotalDurationNs,AverageNs,Percentage,MinNs,MaxNs,StdDev
"void microllm::ops::hip::(anonymous namespace)::matmul_transposed_typed_kernel<float>(float const*, float const*, float*, long, long, long, long, bool, bool)",169,62681458,370896.20118343196,32.58327559743773,31512,17967469,1376155.755068795
"microllm::ops::hip::(anonymous namespace)::adamw_update_kernel(float*, float const*, float*, float*, hip_bfloat16*, long, float, float, float, float, float, float, float)",290,42692901,147216.9,22.192760087634287,8940,9512680,571193.4507308725
"void microllm::ops::hip::(anonymous namespace)::cast_kernel<float, hip_bfloat16>(float const*, hip_bfloat16*, long)",288,18534771,64356.84375,9.634803830319273,6735,215210,82045.06164001451
"void microllm::ops::hip::(anonymous namespace)::fill_typed_kernel<float>(float*, long, float)",582,18382133,31584.420962199314,9.555459057888458,4691,1940423,131748.52112007263
"microllm::runtime::detail::(anonymous namespace)::strided_copy_kernel(std::byte*, std::byte const*, unsigned long, long, microllm::runtime::detail::(anonymous namespace)::Layout)",360,9695357,26931.547222222223,5.0398714265157505,23333,140520,6187.655577661871
"void microllm::ops::hip::(anonymous namespace)::matmul_typed_kernel<float>(float const*, float const*, float*, long, long, long, long)",144,8594075,59681.07638888889,4.467399501620554,17560,203022,57846.77671060562
"void microllm::ops::hip::(anonymous namespace)::add_typed_kernel<float>(float const*, float const*, float*, long)",169,5861278,34682.11834319527,3.0468282410916263,5613,4768148,365195.1492640746
"microllm::ops::hip::(anonymous namespace)::rms_norm_backward_kernel(float const*, float const*, float const*, float*, float*, long, long, float)",49,3826479,78091.40816326531,1.989092529162419,70641,101191,5224.9322109394825
"microllm::ops::hip::(anonymous namespace)::cross_entropy_rows_kernel(float const*, int const*, float*, long, long)",1,2655772,2655772.0,1.3805318791397354,2655772,2655772,0.0
"microllm::ops::hip::(anonymous namespace)::cross_entropy_backward_stats_kernel(float const*, int const*, float*, long, long)",1,2654651,2654651.0,1.379949157341134,2654651,2654651,0.0
"microllm::ops::hip::(anonymous namespace)::rms_norm_kernel(float const*, float const*, float*, long, long, float)",49,2139599,43665.28571428572,1.112213182485356,41855,51918,1402.2681335491252
Cijk_Alik_Bljk_S_B_Bias_HA_S_SAV_UserArgs_MT16x16x256_MI16x16x1_SN_LDSB1_AFC1_AG0_AFEM1_AFEM1_ASEM1_CLR1_CADS0_DTLA0_DTLB0_DTVA0_DTVB0_DTVMXSA0_DTVMXSB0_DTVSM0_DPLB0_EPS0_ELFLR0_EMLLn1_FDSI0_GRPM1_GRVWA4_GRVWB4_GSUAMB_GLS0_ISA942_IU1_K1_LDSTI0_LBSPPA1024_LBSPPB1024_LBSPPM0_LPA8_LPB8_LPM0_LRVW4_LWPMn1_MIAV0_MIWT1_1_MO40_MGRIPM1_NTn1_NTA0_NTB0_NTC0_NTD4_NTM0_NEPBS16_NLCA1_NLCB1_ONLL1_PGR2_PLR1_PKA1_SGROB0_SIA3_SS1_SPO0_SRVW0_SSO0_SVW1_SK0_SKFTR0_SKXCCM0_SGRO0_TDMI0_TIN0_TLDS1_TLDSM1_ULSGRO0_USL1_USLMX0_UIOFGRO0_UPLRP0_USFGROn1_USI0_VSn1_VWA1_VWB1_WSGRA0_WSGRB0_WS64_WG16_4_4,120,1455355,12127.958333333334,0.7565272820729376,7577,19405,3558.1607008767733
Cijk_Ailk_Bljk_S_B_Bias_HA_S_SAV_UserArgs_MT64x16x64_MI16x16x1_SN_LDSB1_AFC1_AG0_AFEM1_AFEM1_ASEM1_CLR1_CADS0_DTLA0_DTLB0_DTVA0_DTVB0_DTVMXSA0_DTVMXSB0_DTVSM0_DPLB0_EPS0_ELFLR0_EMLLn1_FDSI0_GRPM1_GRVWA4_GRVWB4_GSUAMB_GLS0_ISA942_IU1_K1_LDSTI0_LBSPPA1024_LBSPPB256_LBSPPM0_LPA16_LPB8_LPM0_LRVW4_LWPMn1_MIAV0_MIWT1_1_MO40_MGRIPM1_NTn1_NTA0_NTB0_NTC0_NTD4_NTM0_NEPBS16_NLCA1_NLCB1_ONLL1_PGR2_PLR1_PKA1_SGROB0_SIA3_SS1_SPO0_SRVW0_SSO0_SVW1_SK0_SKFTR0_SKXCCM0_SGRO0_TDMI0_TIN0_TLDS1_TLDSM1_ULSGRO0_USL1_USLMX0_UIOFGRO0_UPLRP0_USFGROn1_USI0_VSn1_VWA1_VWB1_WSGRA0_WSGRB0_WS64_WG64_4_1,1,1430580,1430580.0,0.7436486624829702,1430580,1430580,0.0
"microllm::ops::hip::(anonymous namespace)::rope_split_half_bias_kernel(float const*, float const*, float*, long, long, long, long, long, float)",48,1424327,29673.479166666668,0.7403982080613328,26460,37646,2446.815540908762
"microllm::ops::hip::(anonymous namespace)::rope_split_half_backward_kernel(float const*, float*, long, long, long, long, long, float)",48,1397707,29118.895833333332,0.7265605146815172,26782,36363,1773.5513835191352
__amd_rocclr_copyBuffer,247,1338795,5420.222672064778,0.695936690774992,2686,12148,1524.4302058282112
"microllm::ops::hip::(anonymous namespace)::repeat_interleave_backward_kernel(float const*, float*, long, long, long, long)",48,1231088,25647.666666666668,0.639948094198741,22893,29908,1213.892076019208
"microllm::ops::hip::(anonymous namespace)::bias_gradient_kernel(float const*, float*, long, long)",72,610234,8475.472222222223,0.31721378594809996,7337,10344,648.7209846267205
"microllm::ops::hip::(anonymous namespace)::rms_norm_weight_gradient_kernel(float const*, float const*, float const*, float*, long, long)",49,564688,11524.244897959185,0.2935379188302531,10423,15074,742.7318171923749
"microllm::ops::hip::(anonymous namespace)::repeat_interleave_kernel(float const*, float*, long, long, long, long)",48,517586,10783.041666666666,0.2690532068251413,10104,15676,833.9834620246108
Cijk_Ailk_Bljk_BBS_BH_Bias_HA_S_SAV_UserArgs_MT16x16x128_MI16x16x1_SN_LDSB0_AFC1_AG0_AFEM1_AFEM1_ASEM1_CLR1_CADS0_DTLA0_DTLB0_DTVA0_DTVB0_DTVMXSA0_DTVMXSB0_DTVSM0_DPLB0_EPS0_ELFLR0_EMLLn1_FDSI0_GRPM1_GRVWA1_GRVWB8_GSUAMB_GLS0_ISA942_IU1_K1_LDSTI0_LBSPPA256_LBSPPB256_LBSPPM0_LPA16_LPB16_LPM0_LRVW8_LWPMn1_MIAV0_MIWT1_1_MO40_MGRIPM1_NTn1_NTA0_NTB0_NTC0_NTD4_NTM0_NEPBS16_NLCA1_NLCB1_ONLL1_PGR2_PLR1_PKA1_SGROB0_SIA3_SS1_SPO0_SRVW0_SSO0_SVW1_SK0_SKFTR0_SKXCCM0_SGRO0_TDMI0_TIN0_TLDS1_TLDSM1_ULSGRO0_USL1_USLMX0_UIOFGRO0_UPLRP0_USFGROn1_USI0_VSn1_VWA1_VWB1_WSGRA0_WSGRB0_WS64_WG16_4_4,24,501464,20894.333333333332,0.26067261731840247,18522,27864,2823.1343938175446
Cijk_Ailk_Bljk_BBS_BH_Bias_HA_S_SAV_UserArgs_MT16x16x128_MI16x16x1_SN_LDSB0_AFC1_AG0_AFEM1_AFEM1_ASEM1_CLR1_CADS0_DTLA0_DTLB0_DTVA0_DTVB0_DTVMXSA0_DTVMXSB0_DTVSM0_DPLB0_EPS0_ELFLR0_EMLLn1_FDSI0_GRPM1_GRVWA8_GRVWB8_GSUAMBSK_GLS0_ISA942_IU1_K1_LDSTI0_LBSPPA256_LBSPPB256_LBSPPM0_LPA16_LPB16_LPM0_LRVW8_LWPMn1_MIAV0_MIWT1_1_MO40_MGRIPM1_NTn1_NTA0_NTB0_NTC0_NTD4_NTM0_NEPBS8_NLCA1_NLCB1_ONLL1_PGR2_PLR1_PKA1_SGROB0_SIA3_SS1_SPO0_SRVW0_SSO0_SVW1_SK0_SKFTR0_SKXCCM0_SGRO0_TDMI0_TIN0_TLDS1_TLDSM1_ULSGRO1_USL1_USLMX0_UIOFGRO0_UPLRP0_USFGROn1_USI0_VSn1_VWA1_VWB1_WSGRA0_WSGRB0_WS64_WG16_4_4,48,489875,10205.729166666666,0.254648386342494,8259,14954,2000.7282188783092
"microllm::ops::hip::(anonymous namespace)::causal_softmax_kernel(float const*, float*, long, long)",24,459645,19151.875,0.23893413123836824,18241,20246,536.502509507955
Cijk_Ailk_Bljk_BSS_BH_Bias_HA_S_SAV_UserArgs_MT16x16x512_MI16x16x1_SN_LDSB1_AFC1_AG0_AFEM1_AFEM1_ASEM1_CLR1_CADS0_DTLA0_DTLB0_DTVA0_DTVB0_DTVMXSA0_DTVMXSB0_DTVSM0_DPLB0_EPS0_ELFLR0_EMLLn1_FDSI0_GRPM1_GRVWA8_GRVWB8_GSUAMBSK_GLS0_ISA942_IU1_K1_LDSTI0_LBSPPA256_LBSPPB1024_LBSPPM0_LPA16_LPB16_LPM0_LRVW8_LWPMn1_MIAV0_MIWT1_1_MO40_MGRIPM1_NTn1_NTA0_NTB0_NTC0_NTD4_NTM0_NEPBS8_NLCA1_NLCB1_ONLL1_PGR2_PLR1_PKA1_SGROB0_SIA3_SS1_SPO0_SRVW0_SSO0_SVW1_SK0_SKFTR0_SKXCCM0_SGRO0_TDMI0_TIN0_TLDS1_TLDSM1_ULSGRO0_USL1_USLMX0_UIOFGRO0_UPLRP0_USFGROn1_USI0_VSn1_VWA1_VWB1_WSGRA0_WSGRB0_WS64_WG16_4_4,48,394420,8217.083333333334,0.20502866351866594,7457,11266,782.2466797983585
Cijk_Ailk_Bljk_BSS_BH_Bias_HA_S_SAV_UserArgs_MT32x16x256_MI16x16x1_SN_LDSB1_AFC1_AG0_AFEM1_AFEM1_ASEM1_CLR1_CADS0_DTLA0_DTLB0_DTVA0_DTVB0_DTVMXSA0_DTVMXSB0_DTVSM0_DPLB0_EPS0_ELFLR0_EMLLn1_FDSI0_GRPM1_GRVWA8_GRVWB8_GSUAMBSK_GLS0_ISA942_IU1_K1_LDSTI0_LBSPPA512_LBSPPB512_LBSPPM0_LPA32_LPB16_LPM0_LRVW8_LWPMn1_MIAV0_MIWT2_1_MO40_MGRIPM1_NTn1_NTA0_NTB0_NTC0_NTD4_NTM0_NEPBS8_NLCA1_NLCB1_ONLL1_PGR2_PLR1_PKA1_SGROB0_SIA3_SS1_SPO0_SRVW0_SSO0_SVW2_SK0_SKFTR0_SKXCCM0_SGRO0_TDMI0_TIN0_TLDS1_TLDSM1_ULSGRO0_USL1_USLMX0_UIOFGRO0_UPLRP0_USFGROn1_USI0_VSn1_VWA2_VWB1_WSGRA0_WSGRB0_WS64_WG16_4_4,48,383308,7985.583333333333,0.1992523882054987,6935,10865,867.1678959245563
"microllm::ops::hip::(anonymous namespace)::causal_softmax_backward_kernel(float const*, float const*, float*, long, long)",24,373329,15555.375,0.194065072569241,14633,17881,598.5585332349154
"void microllm::ops::hip::(anonymous namespace)::swiglu_backward_mixed_kernel<hip_bfloat16>(hip_bfloat16 const*, hip_bfloat16 const*, float const*, float*, float*, long)",24,321412,13392.166666666666,0.16707741189306186,12228,16958,842.2007711281727
"void microllm::ops::hip::(anonymous namespace)::swiglu_typed_kernel<hip_bfloat16>(hip_bfloat16 const*, hip_bfloat16 const*, hip_bfloat16*, long)",24,319448,13310.333333333334,0.16605647914332639,12028,17600,1134.5086919994144
"void microllm::ops::hip::(anonymous namespace)::cast_kernel<hip_bfloat16, float>(hip_bfloat16 const*, float*, long)",48,294470,6134.791666666667,0.15307233544531604,5613,7738,312.5222630958562
Cijk_Alik_Bljk_S_B_Bias_HA_S_SAV_UserArgs_MT448x16x32_MI16x16x1_SN_LDSB1_AFC1_AG0_AFEM1_AFEM1_ASEM1_CLR1_CADS0_DTLA0_DTLB0_DTVA0_DTVB0_DTVMXSA0_DTVMXSB0_DTVSM0_DPLB0_EPS0_ELFLR0_EMLLn1_FDSI0_GRPM1_GRVWA2_GRVWB2_GSUAMB_GLS0_ISA942_IU1_K1_LDSTI0_LBSPPA128_LBSPPB128_LBSPPM0_LPA2_LPB2_LPM0_LRVW2_LWPMn1_MIAV0_MIWT7_1_MO40_MGRIPM1_NTn1_NTA0_NTB0_NTC0_NTD4_NTM0_NEPBS16_NLCA1_NLCB1_ONLL1_PGR2_PLR1_PKA1_SGROB0_SIA3_SS1_SPO0_SRVW0_SSO0_SVW1_SK0_SKFTR0_SKXCCM0_SGRO0_TDMI0_TIN0_TLDS1_TLDSM1_ULSGRO0_USL1_USLMX0_UIOFGRO0_UPLRP0_USFGROn1_USI0_VSn1_VWA1_VWB1_WSGRA0_WSGRB0_WS64_WG64_4_1,1,269454,269454.0,0.14006843846599717,269454,269454,0.0
Cijk_Alik_Bljk_S_B_Bias_HA_S_SAV_UserArgs_MT16x16x64_MI16x16x1_SN_LDSB0_AFC1_AG0_AFEM1_AFEM1_ASEM1_CLR1_CADS0_DTLA0_DTLB0_DTVA0_DTVB0_DTVMXSA0_DTVMXSB0_DTVSM0_DPLB0_EPS0_ELFLR0_EMLLn1_FDSI0_GRPM1_GRVWA4_GRVWB4_GSUAMB_GLS0_ISA942_IU1_K1_LDSTI0_LBSPPA256_LBSPPB256_LBSPPM0_LPA8_LPB8_LPM0_LRVW4_LWPMn1_MIAV0_MIWT1_1_MO40_MGRIPM1_NTn1_NTA0_NTB0_NTC0_NTD4_NTM0_NEPBS16_NLCA1_NLCB1_ONLL1_PGR2_PLR1_PKA1_SGROB0_SIA3_SS1_SPO0_SRVW0_SSO0_SVW1_SK0_SKFTR0_SKXCCM0_SGRO0_TDMI0_TIN0_TLDS1_TLDSM1_ULSGRO0_USL1_USLMX0_UIOFGRO0_UPLRP0_USFGROn1_USI0_VSn1_VWA1_VWB1_WSGRA0_WSGRB0_WS64_WG16_4_4,48,265723,5535.895833333333,0.13812897813541522,5012,5933,165.96300285296184
"void microllm::ops::hip::(anonymous namespace)::scale_typed_kernel<float>(float const*, float*, long, float)",48,258993,5395.6875,0.13463056805103657,4571,6375,294.2811266636321
"microllm::ops::hip::(anonymous namespace)::add_bias_kernel(float const*, float const*, float*, long, long)",24,144854,6035.583333333333,0.07529846870172109,4931,7979,569.0341170693449
"microllm::ops::hip::(anonymous namespace)::cross_entropy_finalize_kernel(float const*, float*, long)",1,76815,76815.0,0.039930218518803115,76815,76815,0.0
"microllm::ops::hip::(anonymous namespace)::cross_entropy_backward_factor_kernel(int const*, float const*, float*, long, long)",1,49913,49913.0,0.0259459349987505,49913,49913,0.0
"microllm::ops::hip::(anonymous namespace)::cross_entropy_backward_elements_kernel(float const*, int const*, float const*, float const*, float*, long, long)",1,35080,35080.0,0.0182353975869246,35080,35080,0.0
__amd_rocclr_fillBufferAligned,2,18241,9120.5,0.009482094851285395,7577,10664,1543.5
"microllm::ops::hip::(anonymous namespace)::embedding_backward_kernel(float const*, int const*, float*, long, long, long)",1,11506,11506.0,0.00598108565094511,11506,11506,0.0
"microllm::ops::hip::(anonymous namespace)::embedding_kernel(float const*, int const*, float*, long, long, long)",1,10584,10584.0,0.00550180866761716,10584,10584,0.0
__amd_rocclr_initHeap,1,5734,5734.0,0.002980666184818291,5734,5734,0.0
